mean_fit_time,std_fit_time,mean_score_time,std_score_time,param_clf__alpha,params,split0_test_score,split1_test_score,split2_test_score,split3_test_score,split4_test_score,mean_test_score,std_test_score,rank_test_score
0.09649062156677246,0.004324051916896778,0.02608656883239746,0.001096315079077433,0.01,{'clf__alpha': 0.01},1.0,1.0,0.9983918086367974,1.0,1.0,0.9996783617273595,0.000643276545281024,1
0.08635802268981933,0.023214087575883655,0.021689462661743163,0.006367457527440832,0.1,{'clf__alpha': 0.1},1.0,1.0,0.9983918086367974,1.0,0.9984007114734639,0.9993585040220523,0.0007856739531349858,2
0.10565791130065919,0.0311212101092094,0.025212907791137697,0.013122757356927901,0.5,{'clf__alpha': 0.5},1.0,1.0,0.9983918086367974,1.0,0.9984007114734639,0.9993585040220523,0.0007856739531349858,2
0.06648292541503906,0.014668248988442803,0.0166165828704834,0.003622234563135704,1.0,{'clf__alpha': 1.0},1.0,1.0,0.9983918086367974,1.0,0.9984007114734639,0.9993585040220523,0.0007856739531349858,2
