mean_fit_time,std_fit_time,mean_score_time,std_score_time,param_clf__alpha,params,split0_test_score,split1_test_score,split2_test_score,split3_test_score,split4_test_score,mean_test_score,std_test_score,rank_test_score
0.059534454345703126,0.01311551509788255,0.015126752853393554,0.0038002358037073974,0.01,{'clf__alpha': 0.01},1.0,0.9968286099865047,0.9983983639612779,0.9968221695093943,0.9951017281234785,0.9974301743161311,0.001654968664006299,1
0.05978550910949707,0.010476212549446796,0.015343046188354493,0.002573475646825807,0.1,{'clf__alpha': 0.1},1.0,0.9968286099865047,0.9968067579615006,0.9968221695093943,0.9951017281234785,0.9971118531161757,0.0015899195718500827,4
0.06109089851379394,0.017704482174358282,0.014384222030639649,0.0028402997131295638,0.5,{'clf__alpha': 0.5},1.0,0.9968286099865047,0.9952030744640142,0.9984116499080677,0.9966889622518762,0.9974264593220926,0.0016394192932444682,2
0.05787315368652344,0.0065356628153861685,0.014884042739868163,0.002129123743851876,1.0,{'clf__alpha': 1.0},1.0,0.9968286099865047,0.9952030744640142,0.9984116499080677,0.9966889622518762,0.9974264593220926,0.0016394192932444682,2
